Doris,Watson,dwatson1@biblegateway.com
Brenda,Mccoy,bmccoy2@mail.ru
Nancy,Long,nlong6@narod.ru
Amy,Stephens,waldo@weber.edu
Maria,Brooks,mbrooks1t@salon.com
Sharon,Brown,sbrown1z@apple.com
Kelly,Welch,kwelch27@ucsd.edu
Joyce,Sims,jsims2k@europa.eu
Heather,Hughes,waldo@weber.edu
Kathy,Parker,kparker2o@hugedomains.com
Rachel,Hernandez,rhernandez2v@squarespace.com
Frances,Campbell,fcampbell32@blog.com
Bonnie,Walker,bwalker3j@telegraph.co.uk
Kelly,Green,kgreen3r@china.com.cn
Cheryl,Hunt,chunt3x@springer.com
Beverly,Montgomery,bmontgomery47@ameblo.jp
Michelle,Stanley,mstanley48@tuttocitta.it
Donna,Gutierrez,dgutierrez4r@washingtonpost.com
Julia,Jenkins,jjenkins4s@chron.com
Frances,Carroll,fcarroll4v@tmall.com
Lisa,Russell,lrussell4y@discovery.com
Gloria,Moore,gmoore53@gizmodo.com
Donna,Fuller,dfuller5l@shareasale.com
Catherine,Graham,cgraham5n@people.com.cn
Linda,Anderson,landerson5y@lycos.com
Cheryl,Bowman,cbowman69@time.com
Irene,Washington,iwashington6j@earthlink.net
Melissa,Hart,mhart6l@myspace.com
Stephanie,Duncan,sduncan6q@simplemachines.org
Sharon,Cooper,scooper6s@surveymonkey.com
Kathy,Hansen,khansen72@scientificamerican.com
Carolyn,Gutierrez,cgutierrez78@arizona.edu
Theresa,Powell,tpowell79@newyorker.com
Sarah,Elliott,selliott7g@dailymotion.com
Lori,Ellis,lellis7n@biglobe.ne.jp
Laura,Torres,ltorres80@technorati.com
Susan,Reyes,sreyes8k@hao123.com
Christina,Little,clittle8v@cnet.com
Shirley,Warren,swarren94@webnode.com
Martha,Peterson,mpeterson9c@topsy.com
Mildred,Barnes,mbarnes9g@google.com.au
Patricia,Watkins,pwatkins9h@csmonitor.com
Kathleen,Bishop,kbishop9i@seattletimes.com
Betty,Hernandez,bhernandez9j@livejournal.com
Norma,Peterson,npeterson9w@businessweek.com
Sara,King,skinga5@diigo.com
Norma,Jackson,njacksonab@wired.com
Brenda,Morris,bmorrisai@who.int
Lois,Boyd,lboyday@independent.co.uk
Kathryn,Hansen,khansenb0@hibu.com
Kathleen,Graham,kgrahamb4@unc.edu
Cynthia,Butler,waldo@weber.edu
Virginia,Coleman,vcolemanc3@amazonaws.com
Paula,Rose,prosec4@cisco.com
Maria,Taylor,mtaylorch@ezinearticles.com
Tina,Mendoza,tmendozacr@zimbio.com
Ruby,Kelly,rkellyd0@virginia.edu
Judy,Miller,jmillerd4@51.la
Diana,Barnes,dbarnesde@zimbio.com
Melissa,Olson,molsondi@skyrock.com
Robin,Hughes,rhughesdm@deviantart.com
Nicole,Frazier,nfrazierdo@fc2.com
Pamela,Gibson,pgibsondr@w3.org
Janet,Ryan,jryane6@time.com
Irene,Gordon,igordone9@yale.edu
Andrea,Stanley,astanleyee@sfgate.com
Heather,Montgomery,hmontgomeryej@virginia.edu
Teresa,Hanson,thansonel@ezinearticles.com
Judith,Weaver,jweaverff@edublogs.org
Kathleen,Johnston,kjohnstonft@eventbrite.com
Amy,Ruiz,aruizfu@chronoengine.com
Helen,Lopez,hlopezg2@nba.com
Lisa,Holmes,lholmesgc@google.ru
Heather,Peterson,hpetersongd@newyorker.com
Virginia,Torres,waldo@weber.edu
Amy,Adams,aadamsgk@plala.or.jp
Marilyn,Webb,mwebbgl@oakley.com
Tammy,Bowman,tbowmangm@ftc.gov
Wanda,Hart,whartgq@freewebs.com
Sara,Fuller,sfullergr@ucoz.ru
Sara,Parker,sparkerh0@howstuffworks.com
Jessica,Anderson,jandersonh2@jigsy.com
Phyllis,Adams,padamsh9@netscape.com
Janice,Coleman,jcolemanhd@java.com
Alice,Rodriguez,arodriguezhk@tuttocitta.it
Doris,Montgomery,dmontgomeryi4@npr.org
Elizabeth,Phillips,ephillipsi7@amazon.com
Betty,Stewart,waldo@weber.edu
Christina,Meyer,cmeyerio@prlog.org
Janice,Cooper,jcooperip@behance.net
Rose,Robertson,waldo@weber.edu
Margaret,Fields,mfieldsiw@paypal.com
Evelyn,Alexander,ealexanderj6@loc.gov
Marilyn,Baker,mbakerj7@ifeng.com
Doris,Mcdonald,dmcdonaldj8@forbes.com
Phyllis,Stone,pstonejo@yandex.ru
Irene,Peterson,ipetersonjv@webnode.com
Lisa,Moreno,lmorenojx@example.com
Pamela,Baker,waldo@weber.edu
Diane,Garcia,dgarciak4@prnewswire.com
Julia,Peterson,jpetersonki@usnews.com
Ruth,Moreno,rmorenokj@51.la
Jennifer,Chavez,jchavezl0@addtoany.com
Ruth,Wallace,rwallacel5@home.pl
Diane,Williams,dwilliamsld@histats.com
Joyce,Ruiz,jruizlf@ebay.co.uk
Sara,Rose,sroseln@bloglines.com
Anne,Johnson,ajohnsonlw@digg.com
Annie,Black,ablacklx@elegantthemes.com
Jennifer,Mcdonald,jmcdonaldma@economist.com
Robin,Meyer,rmeyermc@mail.ru
Catherine,Brown,cbrownmg@netscape.com
Teresa,Davis,tdavismk@kickstarter.com
Phyllis,Fowler,pfowlermq@ocn.ne.jp
Irene,Gomez,igomezmw@netscape.com
Kelly,Stone,kstonenb@csmonitor.com
Marilyn,King,mkingnc@jiathis.com
Sarah,Simpson,ssimpsonnk@usnews.com
Theresa,Harris,tharrisnl@tuttocitta.it
Paula,Watson,pwatsonnm@domainmarket.com
Donna,Hamilton,dhamiltonns@japanpost.jp
Kimberly,Gonzalez,kgonzalezo2@ocn.ne.jp
Teresa,Hall,thallo5@1und1.de
Anna,Young,ayoungo7@indiegogo.com
Marilyn,Rose,mroseoh@illinois.edu
Wanda,Wells,wwellsou@washingtonpost.com
Doris,Morrison,dmorrisonow@addtoany.com
Stephanie,Gonzalez,sgonzalezp2@mapquest.com
Tammy,Price,tpricep5@nationalgeographic.com
Wanda,Coleman,wcolemanp8@washingtonpost.com
Tammy,Lawrence,tlawrencepj@wunderground.com
Beverly,Alvarez,balvarezpw@ft.com
Mary,Richardson,mrichardsonqo@liveinternet.ru
Ashley,Rogers,arogersqq@bluehost.com
Barbara,Howard,bhowardqw@youtu.be
Norma,Hamilton,nhamiltonra@cbslocal.com
Sarah,Jacobs,sjacobsrd@google.com.br
Angela,Carpenter,acarpenterro@nydailynews.com
Janice,Ramos,jramosrp@webnode.com
Christine,Barnes,cbarnesrr@java.com
Denise,Cook,dcook9@printfriendly.com
Martha,Larson,mlarsond@tripadvisor.com
Lois,Spencer,lspencerf@vinaora.com
Melissa,Matthews,mmatthewsh@engadget.com
Cynthia,Adams,cadamsv@blog.com
Jacqueline,Howard,jhowardw@webmd.com
Amy,Adams,aadams11@cam.ac.uk
Norma,Wood,nwood1t@scientificamerican.com
Betty,Campbell,bcampbell2h@bandcamp.com
Melissa,Grant,mgrant2j@google.fr
Heather,Bowman,hbowman2w@pcworld.com
Kathy,Scott,kscott30@buzzfeed.com
Barbara,Taylor,btaylor3a@house.gov
Ann,Gray,waldo@weber.edu
Tammy,Fox,tfox3q@techcrunch.com
Ashley,Stevens,astevens43@surveymonkey.com
Evelyn,Lynch,elynch4a@gnu.org
Gloria,Porter,waldo@weber.edu
Melissa,Morris,mmorris5f@angelfire.com
Shirley,Hughes,shughes5i@goo.ne.jp
Janet,Nichols,jnichols5j@comsenz.com
Diane,Gray,dgray5y@trellian.com
Marie,Frazier,mfrazier62@fema.gov
Anne,Bennett,abennett65@cpanel.net
Sarah,Nichols,snichols68@washingtonpost.com
Jane,Shaw,jshaw6a@usa.gov
Joyce,Porter,jporter6g@dailymotion.com
Cynthia,Williamson,cwilliamson6m@fc2.com
Janet,Moore,jmoore73@networksolutions.com
Sharon,Ramos,sramos76@csmonitor.com
Kathleen,Richards,krichards7d@reuters.com
Laura,Pierce,lpierce7h@wp.com
Emily,Peters,epeters7k@mozilla.com
Melissa,Fields,mfields7r@google.es
Lois,Green,lgreen7u@slashdot.org
Jessica,Andrews,jandrews80@sciencedirect.com
Margaret,Morgan,mmorgan81@columbia.edu
Emily,Harrison,eharrison8c@hibu.com
Laura,Young,lyoung8d@networkadvertising.org
Phyllis,Elliott,pelliott8t@cocolog-nifty.com
Andrea,Davis,adavis8y@wufoo.com
Jennifer,Freeman,jfreeman97@hao123.com
Frances,Chapman,fchapman9c@artisteer.com
Alice,Freeman,afreeman9l@cbc.ca
Janice,Hicks,jhicks9n@java.com
Teresa,Moreno,tmorenoa1@devhub.com
Michelle,Tucker,mtuckera4@senate.gov
Diane,Butler,dbutlera7@dailymail.co.uk
Judith,Cole,jcoleaa@msn.com
Marie,Bennett,mbennettar@boston.com
Dorothy,Olson,dolsonba@technorati.com
Martha,Webb,mwebbbc@scientificamerican.com
Paula,Owens,powensbf@yelp.com
Paula,Flores,pfloresbh@latimes.com
Sandra,Miller,smillerbk@ed.gov
Michelle,Henry,mhenrybn@themeforest.net
Patricia,Hunt,phuntcl@surveymonkey.com
Elizabeth,Black,eblackcs@instagram.com
Deborah,Hart,dhartd1@mashable.com
Jane,Moore,jmoored2@sakura.ne.jp
Lori,Rivera,lriveradh@example.com
Diana,Reyes,dreyese2@unicef.org
Julie,Lynch,jlynchea@ning.com
Janice,Hart,jhartel@storify.com
Alice,Morales,amoraleser@ucoz.ru
Robin,Freeman,rfreemanex@bing.com
Sara,Fields,sfieldsf3@hubpages.com
Mary,Willis,waldo@weber.edu
Catherine,Collins,ccollinsfb@army.mil
Denise,Lynch,dlynchfc@cornell.edu
Norma,Welch,nwelchfd@livejournal.com
Kimberly,Murphy,kmurphyfh@webnode.com
Katherine,Smith,ksmithfj@hhs.gov
Teresa,Fox,tfoxfo@toplist.cz
Judith,Williamson,jwilliamsonfs@deliciousdays.com
Deborah,Meyer,dmeyerfw@istockphoto.com
Donna,Stevens,dstevensfx@barnesandnoble.com
Diana,Hall,dhallfz@topsy.com
Frances,Gilbert,fgilbertg1@bloomberg.com
Angela,Wilson,awilsong2@usatoday.com
Julia,Perkins,jperkinsg6@diigo.com
Kathryn,Campbell,kcampbellg7@cpanel.net
Susan,Cooper,scoopergd@who.int
Sara,Fisher,sfishergg@omniture.com
Ruby,Sullivan,rsullivangp@shop-pro.jp
Laura,Hall,lhallgw@hp.com
Robin,Hughes,rhughesgz@chron.com
Janet,Taylor,jtaylorh3@google.com.hk
Maria,Wood,mwoodhg@merriam-webster.com
Alice,Oliver,aoliverhi@jalbum.net
Maria,Holmes,mholmeshm@w3.org
Lois,Garcia,waldo@weber.edu
Denise,Thomas,dthomashs@independent.co.uk
Tina,Reynolds,treynoldsic@cpanel.net
Judy,Marshall,jmarshallid@pen.io
Diane,Snyder,dsnyderih@wired.com
Betty,Pierce,bpierceik@mozilla.com
Christina,Duncan,cduncanix@angelfire.com
Barbara,Gonzalez,bgonzaleziy@godaddy.com
Linda,Henderson,lhendersonjd@china.com.cn
Sharon,Stewart,waldo@weber.edu
Maria,Lewis,mlewisju@weibo.com
Susan,Sanchez,ssanchezkf@dyndns.org
Evelyn,Ray,eraykp@thetimes.co.uk
Ruby,Evans,revansl1@toplist.cz
Carolyn,Ford,cfordlj@twitter.com
Janet,Fernandez,jfernandezly@networkadvertising.org
Christina,Gutierrez,cgutierrezm6@hugedomains.com
Christine,Ford,cfordma@cnet.com
Anne,Hunter,ahuntermi@seesaa.net
Doris,Howard,waldo@weber.edu
Carolyn,Baker,cbakermu@amazon.co.uk
Stephanie,Bowman,sbowmanni@yellowbook.com
Julia,Perez,jperezno@xinhuanet.com
Ruby,Howell,rhowello7@sourceforge.net
Anne,Ford,afordoc@apple.com
Bonnie,Jackson,bjacksonon@sciencedirect.com
Carolyn,Garcia,cgarciaor@mail.ru
Bonnie,Russell,brussellov@symantec.com
Amy,Butler,abutlerp0@cbc.ca
Gloria,Carr,gcarrp4@cocolog-nifty.com
Jacqueline,Little,jlittleps@shinystat.com
Theresa,Snyder,tsnyderqj@technorati.com
Wanda,Ortiz,wortizqm@dailymail.co.uk
Lillian,Moore,lmooreqn@army.mil
Jacqueline,Fox,jfoxqr@google.pl
Sandra,Harris,sharrisr2@wsj.com
Lillian,Hernandez,lhernandezr5@statcounter.com
Helen,Carr,hcarrrm@wikimedia.org
Michelle,Murphy,mmurphyg@live.com
Jessica,Frazier,jfrazierz@ox.ac.uk
Betty,Weaver,bweaver1h@google.co.jp
Kathryn,Cooper,kcooper1m@gmpg.org
Katherine,Black,waldo@weber.edu
Jane,Simmons,jsimmons1y@e-recht24.de
Shirley,Marshall,waldo@weber.edu
Angela,Carroll,acarroll20@yale.edu
Diana,Campbell,dcampbell29@nhs.uk
Donna,Robertson,drobertson2c@live.com
Norma,Nguyen,nnguyen2m@symantec.com
Ruby,Gomez,waldo@weber.edu
Melissa,Jacobs,mjacobs33@bravesites.com
Sandra,Stanley,sstanley3z@sbwire.com
Betty,Williams,bwilliams44@loc.gov
Julie,Ramirez,waldo@weber.edu
Phyllis,Butler,pbutler4s@aboutads.info
Mildred,Kennedy,mkennedy4z@networksolutions.com
Joan,Duncan,jduncan51@stumbleupon.com
Julia,Mccoy,jmccoy5b@huffingtonpost.com
Sharon,Harris,sharris5g@google.es
Frances,Evans,fevans5i@wufoo.com
Mildred,Hall,mhall5s@yahoo.com
Katherine,Meyer,kmeyer5x@census.gov
Margaret,Schmidt,mschmidt6a@china.com.cn
Helen,King,hking6d@sakura.ne.jp
Joan,Gutierrez,jgutierrez6h@uiuc.edu
Kathleen,Elliott,kelliott6o@quantcast.com
Christine,Webb,cwebb6p@businesswire.com
Maria,Hayes,mhayes6q@google.it
Karen,Jordan,kjordan6x@symantec.com
Alice,Russell,arussell70@woothemes.com
Martha,Schmidt,mschmidt72@spotify.com
Marilyn,Duncan,waldo@weber.edu
Teresa,Kelley,tkelley82@dedecms.com
Beverly,Hansen,waldo@weber.edu
Kathy,Parker,kparker87@washingtonpost.com
Helen,Hall,hhall8a@japanpost.jp
Janice,Watkins,jwatkins8e@etsy.com
Rebecca,Elliott,relliott8k@msu.edu
Stephanie,Graham,sgraham8o@google.pl
Beverly,Long,blong8q@usatoday.com
Anna,Reed,areed8u@canalblog.com
Julia,King,jking93@newsvine.com
Janice,Dean,jdean96@google.com
Judith,Arnold,jarnold9u@flickr.com
Julia,Fields,jfields9y@opensource.org
Amanda,Webb,awebba0@flavors.me
Helen,Lynch,hlyncha5@netvibes.com
Maria,Moore,mmoorea9@whitehouse.gov
Janet,Price,jpriceai@state.gov
Anna,Turner,aturneram@china.com.cn
Janice,Armstrong,waldo@weber.edu
Alice,Taylor,ataylorap@bing.com
Debra,Banks,dbanksav@uol.com.br
Sarah,George,sgeorgeax@studiopress.com
Rachel,Gardner,rgardnerb0@blinklist.com
Carol,Alvarez,calvarezbf@woothemes.com
Deborah,Armstrong,darmstrongbk@bigcartel.com
Andrea,Cunningham,acunninghambm@reverbnation.com
Bonnie,Fowler,bfowlerc0@ed.gov
Michelle,Grant,mgrantc1@google.ca
Betty,Medina,bmedinac4@narod.ru
Debra,Turner,dturnercb@timesonline.co.uk
Susan,Ferguson,sfergusonce@topsy.com
Norma,Fields,nfieldscu@vistaprint.com
Christina,Ellis,celliscy@printfriendly.com
Anna,Cole,acoled7@hubpages.com
Laura,Simmons,lsimmonsdc@arizona.edu
Melissa,Rivera,mriveradj@wired.com
Lisa,Green,lgreendp@senate.gov
Kelly,Stone,kstonedx@house.gov
Sharon,Patterson,spattersone2@springer.com
Beverly,Lane,blanee5@people.com.cn
Louise,Bowman,lbowmane8@github.com
Martha,Mason,mmasonei@europa.eu
Joyce,Lee,jleeek@soundcloud.com
Julie,Burke,jburkefd@tinyurl.com
Jacqueline,Holmes,jholmesff@blogspot.com
Donna,Little,dlittlefv@house.gov
Donna,Mccoy,dmccoygb@time.com
Rachel,Castillo,rcastillogg@umn.edu
Judith,Reyes,jreyesh9@jiathis.com
Sandra,Oliver,soliverhu@ifeng.com
Emily,Ferguson,efergusoni1@networksolutions.com
Kathy,Morrison,kmorrisoniw@google.ca
Lori,Hanson,lhansoniy@hostgator.com
Jessica,Campbell,jcampbellj0@springer.com
Susan,Hicks,waldo@weber.edu
Sarah,Adams,sadamsk7@cocolog-nifty.com
Emily,Ramirez,eramirezkl@oracle.com
Kathryn,Bryant,kbryantkt@yellowbook.com
Judy,Hernandez,jhernandezl5@shinystat.com
Katherine,Gonzales,kgonzalesld@forbes.com
Rebecca,Palmer,rpalmerll@t-online.de
Anne,Young,ayounglo@plala.or.jp
Julie,Butler,jbutlerlt@joomla.org
Wanda,Ward,wwardm4@cmu.edu
Tammy,Hall,thallmh@google.com.au
Julie,Howell,waldo@weber.edu
Donna,Arnold,darnoldmu@gizmodo.com
Lois,Myers,lmyersmx@tuttocitta.it
Maria,Knight,mknightmz@sciencedirect.com
Andrea,Price,apricen7@google.es
Brenda,Wallace,bwallaceni@yellowpages.com
Irene,Burton,iburtono2@topsy.com
Emily,Ellis,eelliso4@samsung.com
Maria,Reyes,mreyesob@topsy.com
Barbara,Burton,bburtonoh@msn.com
Sharon,Mendoza,smendozaow@cocolog-nifty.com
Doris,Grant,dgrantoz@utexas.edu
Susan,Burke,sburkep0@sfgate.com
Kathleen,Fowler,kfowlerp2@icq.com
Jennifer,Gomez,jgomezp5@house.gov
Theresa,Holmes,tholmesp6@twitter.com
Ann,Cruz,acruzpc@umn.edu
Ashley,Matthews,amatthewspj@rakuten.co.jp
Jean,Burns,jburnspr@gov.uk
Julia,Perkins,jperkinspx@feedburner.com
Stephanie,Hamilton,waldo@weber.edu
Jane,Reid,jreidqq@vinaora.com
Evelyn,Kennedy,ekennedyqr@slashdot.org
Joan,Torres,waldo@weber.edu
Mildred,Duncan,mduncanrb@archive.org
Joan,Freeman,jfreemanri@free.fr
Rose,Stevens,rstevensrl@google.cn
Irene,Jackson,waldo@weber.edu
Amanda,Wheeler,awheeler14@chronoengine.com
Heather,Romero,hromero17@redcross.org
Diana,Ellis,dellis1b@addtoany.com
Sharon,Sanders,ssanders1e@mac.com
Melissa,Fuller,mfuller1g@dedecms.com
Nicole,Andrews,nandrews1k@intel.com
Maria,Woods,mwoods1q@latimes.com
Maria,Bell,mbell1r@hugedomains.com
Anna,Gonzalez,agonzalez22@youku.com
Cheryl,Phillips,cphillips2g@opera.com
Alice,Berry,aberry2h@tumblr.com
Norma,Carroll,ncarroll2i@imageshack.us
Judith,Collins,jcollins2m@webeden.co.uk
Nicole,Frazier,nfrazier2w@clickbank.net
Lori,Carter,lcarter32@go.com
Karen,Dean,kdean36@epa.gov
Joan,Alexander,jalexander3f@cnet.com
Frances,Ross,fross3o@weibo.com
Elizabeth,Spencer,espencer42@gizmodo.com
Ann,Price,aprice48@woothemes.com
Lisa,Hanson,lhanson4e@fda.gov
Emily,Simmons,esimmons4j@noaa.gov
Marilyn,Howell,mhowell50@tripod.com
Beverly,Perkins,bperkins56@irs.gov
Paula,Day,pday5j@nhs.uk
Lori,Stewart,lstewart5o@linkedin.com
Shirley,Hall,shall5r@hao123.com
Susan,Berry,sberry5v@360.cn
Sharon,Russell,srussell5y@yellowbook.com
Ashley,Austin,aaustin65@loc.gov
Julia,Murphy,jmurphy66@icio.us
Jessica,Johnston,jjohnston6a@google.nl
Kimberly,Torres,ktorres6e@devhub.com
Barbara,Smith,bsmith6g@nationalgeographic.com
Denise,Hernandez,dhernandez6o@lulu.com
Marie,Mcdonald,mmcdonald6p@rakuten.co.jp
Heather,Lane,hlane6v@a8.net
Gloria,Torres,gtorres73@zimbio.com
Judy,Dixon,jdixon79@github.io
Lois,Evans,levans7b@nbcnews.com
Catherine,Owens,cowens7l@zimbio.com
Heather,Patterson,hpatterson7n@wiley.com
Pamela,Ray,pray7p@bing.com
Kimberly,Simpson,ksimpson8a@shutterfly.com
Anna,Hicks,ahicks8b@stumbleupon.com
Karen,Oliver,waldo@weber.edu
Kathy,Lawson,klawson97@businesswire.com
Carolyn,Weaver,cweaver9i@examiner.com
Christina,Carpenter,ccarpenter9u@parallels.com
Deborah,Hernandez,dhernandezaf@constantcontact.com
Karen,Martinez,kmartinezas@utexas.edu
Janice,Carr,jcarrbe@alexa.com
Dorothy,Patterson,dpattersonbg@imageshack.us
Angela,Richards,arichardsc2@umn.edu
Julia,Brooks,jbrookscc@cafepress.com
Donna,Dixon,ddixonco@smugmug.com
Jacqueline,Kim,jkimcs@photobucket.com
Anne,Franklin,afranklincu@prlog.org
Kimberly,Jenkins,waldo@weber.edu
Sharon,Fuller,sfullerd4@gov.uk
Helen,Ramos,hramosde@mtv.com
Norma,Reid,waldo@weber.edu
Teresa,Sims,tsimsdu@tuttocitta.it
Betty,Crawford,bcrawfordf4@dailymotion.com
Donna,Perez,dperezff@sciencedaily.com
Joyce,West,jwestfk@omniture.com
Marie,Ramirez,mramirezfr@rediff.com
Lori,Cook,lcookgf@uiuc.edu
Phyllis,Hunt,phuntgv@about.com
Barbara,Chavez,bchavezgx@eepurl.com
Betty,Jackson,bjacksonhe@ucsd.edu
Maria,Robertson,mrobertsonhl@springer.com
Virginia,Cruz,vcruzhm@upenn.edu
Ashley,Watkins,awatkinshs@blinklist.com
Wanda,Richardson,wrichardsonhw@nsw.gov.au
Janet,Sullivan,jsullivanik@eepurl.com
Amanda,Schmidt,aschmidtiq@netlog.com
Sarah,Adams,sadamsiv@canalblog.com
Lori,Black,lblackj4@themeforest.net
Kimberly,Moreno,kmorenojl@zdnet.com
Amanda,Long,alongk4@epa.gov
Linda,Garrett,lgarrettkr@github.com
Kimberly,Bradley,kbradleyl0@freewebs.com
Barbara,Henderson,bhendersonl4@gnu.org
Joan,Austin,waldo@weber.edu
Martha,Payne,mpayneln@google.com.au
Stephanie,Scott,sscottmd@hostgator.com
Joan,Reed,jreedms@shinystat.com
Ashley,Daniels,adanielsmy@youtu.be
Lori,Mitchell,lmitchelln1@ca.gov
Sharon,Morrison,smorrisonn5@artisteer.com
Robin,Nelson,rnelsonna@loc.gov
Angela,Jordan,ajordannb@xing.com
Judy,Flores,jfloresnk@irs.gov
Amanda,Frazier,waldo@weber.edu
Jessica,Henderson,jhendersonnw@digg.com
Margaret,Jones,mjonesok@cbslocal.com
Bonnie,Flores,bfloresow@mapy.cz
Janice,Hanson,jhansonoy@miibeian.gov.cn
Angela,Jackson,ajacksonp8@nature.com
Rose,West,rwestpd@scientificamerican.com
Michelle,Larson,mlarsonpk@facebook.com
Rebecca,Bell,rbellpo@hostgator.com
Betty,Sullivan,bsullivanpx@seesaa.net
Jacqueline,Patterson,jpattersonq5@themeforest.net
Amy,Stone,waldo@weber.edu
Maria,Carroll,mcarrollqj@newsvine.com
Ruth,Jacobs,rjacobsqm@cnn.com
Cynthia,Walker,cwalkerqp@mozilla.com
Frances,James,fjamesqv@networkadvertising.org
Robin,Little,rlittler5@java.com
Jane,Fisher,jfisherrb@yale.edu
Annie,Mendoza,amendozarg@seattletimes.com
Kathryn,Henry,khenryf@yandex.ru
Stephanie,Marshall,smarshallg@hubpages.com
Norma,Garza,ngarzai@dion.ne.jp
Louise,Dunn,ldunnq@weebly.com
Joyce,Hill,jhillw@indiegogo.com
Melissa,Owens,mowens1e@stanford.edu
Rose,Little,rlittle1f@studiopress.com
Ruth,Garrett,rgarrett1g@irs.gov
Helen,Cox,hcox1h@posterous.com
Debra,Fowler,dfowler1t@mac.com
Stephanie,Owens,sowens2a@cpanel.net
Frances,Ward,fward2d@oracle.com
Mary,Cruz,mcruz2n@dailymail.co.uk
Lori,Carpenter,lcarpenter2o@mashable.com
Marilyn,Carter,mcarter2r@sbwire.com
Julie,Alvarez,jalvarez2s@arstechnica.com
Martha,Russell,mrussell2v@sourceforge.net
Lois,Day,lday37@dropbox.com
Ann,Mcdonald,amcdonald38@soundcloud.com
Janet,Gutierrez,jgutierrez39@usatoday.com
Linda,Mitchell,lmitchell3c@example.com
Kelly,Wilson,kwilson3j@paginegialle.it
Lois,Jackson,ljackson3m@squarespace.com
Louise,Young,lyoung3y@newsvine.com
Phyllis,Welch,pwelch44@youku.com
Jennifer,Adams,jadams4b@hc360.com
Julia,Phillips,jphillips4z@xinhuanet.com
Jennifer,Franklin,jfranklin5n@nymag.com
Amanda,Watkins,awatkins5v@oaic.gov.au
Catherine,Sanders,csanders65@comcast.net
Shirley,Watkins,swatkins6a@bing.com
Carol,Murray,cmurray6y@flavors.me
Judith,Dean,jdean70@dailymail.co.uk
Janet,Cooper,jcooper71@npr.org
Joyce,Mitchell,jmitchell7a@exblog.jp
Gloria,Jones,gjones7q@ihg.com
Tina,Harris,tharris7s@addtoany.com
Ruth,Howell,rhowell81@msn.com
Virginia,Hicks,vhicks8a@nifty.com
Lori,Nichols,waldo@weber.edu
Phyllis,Oliver,poliver8y@oakley.com
Judith,Reyes,jreyes9f@bluehost.com
Tammy,Evans,tevans9t@ehow.com
Kathleen,Woods,kwoods9z@arstechnica.com
Kathryn,Johnson,kjohnsona3@ucsd.edu
Wanda,Jacobs,wjacobsac@g.co
Sara,King,skingae@list-manage.com
Andrea,Price,apriceai@uiuc.edu
Lori,Banks,lbanksao@mapy.cz
Tina,Fox,tfoxap@cbc.ca
Sharon,Montgomery,waldo@weber.edu
Virginia,Ramirez,vramirezbe@auda.org.au
Martha,Fox,mfoxbf@samsung.com
Robin,Harper,rharperbp@squidoo.com
Elizabeth,Peterson,epetersonbw@gov.uk
Kathryn,Riley,krileycb@europa.eu
Katherine,Hughes,khughescm@nbcnews.com
Julia,Mendoza,jmendozacs@scientificamerican.com
Louise,Jacobs,ljacobsct@ucla.edu
Diane,Cruz,dcruzd2@tinyurl.com
Frances,Bryant,fbryantd9@washington.edu
Emily,Reyes,ereyesdf@sina.com.cn
Ruby,Hudson,waldo@weber.edu
Donna,Edwards,dedwardsdl@youku.com
Lois,Knight,waldo@weber.edu
Christine,Montgomery,cmontgomerye7@feedburner.com
Kimberly,Howell,khowelle8@youtu.be
Judith,Barnes,jbarneseh@imgur.com
Sara,Austin,saustinej@japanpost.jp
Jane,Stephens,jstephensem@stumbleupon.com
Donna,Crawford,dcrawforden@wix.com
Kathy,Reed,kreedet@vk.com
Julie,Medina,jmedinaf5@xrea.com
Frances,Reynolds,freynoldsfa@timesonline.co.uk
Doris,Holmes,waldo@weber.edu
Sandra,Riley,srileyfj@indiegogo.com
Elizabeth,Armstrong,earmstrongfx@multiply.com
Kimberly,Olson,kolsong7@google.de
Louise,Ruiz,lruizgb@google.nl
Rachel,Ruiz,rruizgd@ow.ly
Judy,Stone,jstoneh1@google.ca
Jessica,Price,jpriceh3@booking.com
Shirley,Morales,smoralesh8@cpanel.net
Janet,Robertson,jrobertsonhj@chron.com
Robin,Hayes,rhayeshp@delicious.com
Michelle,Butler,mbutlerht@webeden.co.uk
Alice,Montgomery,amontgomeryi1@joomla.org
Ruth,Phillips,rphillipsie@seesaa.net
Janice,Cunningham,jcunninghamix@scribd.com
Susan,Barnes,sbarnesj1@stumbleupon.com
Linda,Rose,lrosej3@xing.com
Robin,Burns,rburnsj8@chicagotribune.com
Cheryl,Jordan,cjordanj9@vinaora.com
Mary,White,waldo@weber.edu
Barbara,Ramirez,bramirezjq@google.es
Angela,Hanson,ahansonk3@telegraph.co.uk
Julie,Wheeler,jwheelerk8@e-recht24.de
Robin,Robinson,rrobinsonkw@tuttocitta.it
Irene,Hall,ihallkx@creativecommons.org
Heather,Knight,hknightky@cloudflare.com
Mildred,Patterson,mpattersonkz@uiuc.edu
Annie,Parker,aparkerl3@hud.gov
Paula,Alvarez,palvarezld@discuz.net
Amy,Lopez,alopezm7@furl.net
Jean,Cole,jcoleme@bigcartel.com
Annie,Burns,aburnsmo@paypal.com
Kathleen,Ruiz,kruizmp@bloglines.com
Angela,Lopez,alopezmy@ed.gov
Carolyn,Woods,cwoodsn0@infoseek.co.jp
Christina,Howard,waldo@weber.edu
Ruth,Sullivan,rsullivannz@oracle.com
Marilyn,Price,mpriceo3@nba.com
Laura,Woods,lwoodso9@feedburner.com
Joan,Boyd,jboydok@twitpic.com
Rachel,Hansen,rhansenp0@printfriendly.com
Phyllis,Mason,pmasonp1@cdbaby.com
Joyce,Hawkins,jhawkinsp4@uiuc.edu
Anna,Cox,acoxp5@apache.org
Pamela,Wells,pwellspz@instagram.com
Kelly,Cook,kcookqg@skyrock.com
Louise,Crawford,lcrawfordqi@a8.net
Elizabeth,Evans,eevansqn@nsw.gov.au
Diane,Hunter,dhunterqr@biblegateway.com
Beverly,Mendoza,bmendozaqu@sitemeter.com
Janet,Garcia,jgarciaqw@fda.gov
Judy,Ellis,jellisrd@loc.gov
Paula,Andrews,pandrewsrr@forbes.com
Donna,Berry,dberry6@delicious.com
Mildred,Carroll,mcarrollc@istockphoto.com
Andrea,Morgan,amorgang@google.pl
Barbara,Nelson,bnelsonn@woothemes.com
Carolyn,Hunter,chunterx@exblog.jp
Jean,Dixon,jdixon1b@amazon.de
Theresa,Burke,tburke1d@auda.org.au
Deborah,Morales,dmorales1e@reference.com
Diana,Kim,waldo@weber.edu
Ashley,Reynolds,waldo@weber.edu
Alice,Collins,acollins1s@vkontakte.ru
Sara,Perez,sperez2i@fda.gov
Jacqueline,Cole,jcole2v@smugmug.com
Jessica,Nguyen,jnguyen2w@comsenz.com
Evelyn,Welch,ewelch2z@g.co
Sharon,Payne,spayne34@latimes.com
Susan,James,sjames3q@reddit.com
Laura,Bryant,waldo@weber.edu
Judy,Lawrence,jlawrence4w@myspace.com
Catherine,Watson,cwatson51@xing.com
Karen,Elliott,kelliott5e@yellowpages.com
Catherine,Mills,cmills5h@usnews.com
Christina,Payne,cpayne5t@irs.gov
Rose,Bell,rbell5u@fotki.com
Joyce,Wheeler,jwheeler5v@cargocollective.com
Jean,Fuller,jfuller66@nasa.gov
Kelly,Schmidt,kschmidt70@home.pl
Jane,Collins,jcollins7c@toplist.cz
Irene,Greene,igreene7n@npr.org
Rebecca,Fox,rfox7q@woothemes.com
Theresa,Smith,tsmith7s@twitpic.com
Dorothy,Flores,dflores81@photobucket.com
Sandra,Warren,swarren8a@indiatimes.com
Lori,Harper,lharper8y@paypal.com
Alice,Jenkins,ajenkins91@wufoo.com
Norma,Lawson,nlawson97@unblog.fr
Ruby,Oliver,roliver9b@cpanel.net
Norma,Turner,nturner9m@examiner.com
Deborah,Romero,dromero9y@hhs.gov
Barbara,Shaw,bshawa6@youku.com
Ann,Richardson,arichardsonae@wufoo.com
Diana,Hall,dhallai@sciencedirect.com
Mary,Bailey,mbaileyam@nbcnews.com
Andrea,Peterson,apetersonat@aboutads.info
Louise,Carter,lcarterau@java.com
Sarah,Gilbert,sgilbertbm@techcrunch.com
Jean,Howell,jhowellc3@rambler.ru
Virginia,Wallace,vwallacec5@chron.com
Heather,George,hgeorgeca@creativecommons.org
Christina,Palmer,cpalmercd@cbc.ca
Andrea,Weaver,aweavercg@google.ru
Katherine,Hanson,khansoncr@dot.gov
Julie,Young,jyoungct@homestead.com
Pamela,Arnold,parnolddc@google.co.jp
Sarah,Garza,sgarzadm@vk.com
Jean,Bryant,jbryantdo@webeden.co.uk
Andrea,Morris,amorrise3@jigsy.com
Stephanie,Owens,sowense9@ihg.com
Tammy,Wright,twrightee@opensource.org
Teresa,Harris,tharriset@yale.edu
Rebecca,Burke,rburkef5@cam.ac.uk
Jennifer,Bishop,waldo@weber.edu
Kathryn,Hayes,khayesfh@netvibes.com
Martha,Romero,mromerog4@over-blog.com
Shirley,Garcia,sgarciag5@studiopress.com
Bonnie,Foster,bfosterg7@indiatimes.com
Mildred,Bennett,waldo@weber.edu
Pamela,Jordan,pjordangg@nationalgeographic.com
Ruby,Dunn,rdunngh@digg.com
Bonnie,Hart,waldo@weber.edu
Michelle,Sanders,msandershu@mozilla.com
Lillian,Austin,laustinib@telegraph.co.uk
Lori,Owens,lowensic@bbc.co.uk
Christine,Lane,claneid@samsung.com
Beverly,Coleman,bcolemanih@goo.gl
Theresa,Bishop,waldo@weber.edu
Tina,Larson,tlarsonio@springer.com
Jennifer,Hanson,jhansoniv@shutterfly.com
Patricia,Perry,pperryj0@si.edu
Mildred,Stevens,mstevensjg@github.io
Tina,Miller,tmillerjj@uol.com.br
Sara,Black,sblackk4@google.de
Amanda,Henderson,ahendersonke@admin.ch
Lori,Garcia,lgarciakf@aboutads.info
Denise,Baker,dbakerkg@dell.com
Marilyn,Robertson,mrobertsonki@redcross.org
Virginia,Ryan,vryankk@sciencedaily.com
Teresa,Peters,tpeterskm@cocolog-nifty.com
Julie,Lynch,jlynchl1@hexun.com
Mary,Porter,mporterla@spiegel.de
Annie,Fisher,afisherlc@netlog.com
Paula,Armstrong,parmstrongle@hostgator.com
Frances,George,fgeorgelr@state.tx.us
Doris,Hunter,dhunterly@slideshare.net
Stephanie,Mitchell,smitchellm1@ca.gov
Alice,Spencer,aspencerm3@cyberchimps.com
Nicole,Anderson,nandersonmc@weather.com
Janet,Reynolds,jreynoldsmd@timesonline.co.uk
Anne,Hayes,ahayesme@barnesandnoble.com
Deborah,Andrews,waldo@weber.edu
Kathy,Moore,kmooremo@joomla.org
Katherine,Anderson,kandersonmv@cafepress.com
Kimberly,Riley,krileyn0@techcrunch.com
Irene,Tucker,ituckern8@globo.com
Bonnie,Phillips,bphillipsnl@mac.com
Pamela,Arnold,parnoldnm@cyberchimps.com
Jessica,Meyer,jmeyerog@yale.edu
Wanda,Jackson,wjacksonol@wired.com
Cynthia,Adams,cadamsoo@discovery.com
Kimberly,Bailey,kbaileyoq@bloomberg.com
Anna,Ramos,aramosp4@zdnet.com
Amy,Stewart,astewartp5@globo.com
Debra,Willis,dwillisp9@livejournal.com
Shirley,Fowler,sfowlerpk@hibu.com
Alice,Garrett,agarrettpp@phpbb.com
Annie,Jones,ajonespq@ibm.com
Christine,Woods,cwoodspt@mlb.com
Elizabeth,Montgomery,emontgomeryq4@plala.or.jp
Gloria,Hunt,ghuntqc@homestead.com
Rachel,Wheeler,rwheelerqe@spotify.com
Elizabeth,Dixon,edixonql@liveinternet.ru
Rebecca,Hart,rhartqw@washington.edu
Rebecca,Weaver,rweaverqz@jimdo.com
Susan,Hernandez,shernandezr8@chron.com
Louise,Stevens,lstevensr9@sitemeter.com
Brenda,Matthews,bmatthewsrd@ca.gov
Pamela,Garcia,pgarciare@sitemeter.com
Anne,Cooper,acooperrh@tripadvisor.com
Helen,Hernandez,hhernandezro@hp.com
Kathy,Harrison,kharrisonq@instagram.com
Rose,Hall,rhall1b@irs.gov
Ruth,Castillo,rcastillo1g@deviantart.com
Jessica,Hart,jhart1l@imageshack.us
Frances,Collins,fcollins1m@hud.gov
Virginia,Washington,vwashington1s@census.gov
Donna,Butler,dbutler2d@ebay.co.uk
Patricia,Garrett,pgarrett2g@tamu.edu
Virginia,Kennedy,vkennedy2j@webnode.com
Laura,Howard,lhoward2y@apple.com
Lori,Knight,lknight31@zimbio.com
Amanda,Nguyen,anguyen3c@narod.ru
Nancy,Hudson,nhudson3g@discuz.net
Paula,Myers,pmyers3r@nih.gov
Heather,Patterson,hpatterson3v@shop-pro.jp
Paula,Fowler,pfowler4a@slashdot.org
Martha,Meyer,mmeyer4i@ezinearticles.com
Louise,Carroll,lcarroll58@wikispaces.com
Sara,Olson,solson5p@google.nl
Diana,Dixon,ddixon5q@pcworld.com
Barbara,Fisher,bfisher5v@tumblr.com
Mary,Henry,mhenry5x@bluehost.com
Gloria,Ray,gray61@boston.com
Amy,Mills,amills67@livejournal.com
Theresa,Carter,tcarter6a@fastcompany.com
Nancy,Austin,naustin6i@mozilla.com
Wanda,Burns,wburns6o@vimeo.com
Irene,Scott,iscott6r@craigslist.org
Jessica,Hicks,jhicks6w@washingtonpost.com
Barbara,Gilbert,bgilbert72@macromedia.com
Rose,Bradley,rbradley78@time.com
Dorothy,Elliott,delliott7g@archive.org
Laura,Oliver,loliver7n@i2i.jp
Amy,Medina,amedina7o@1und1.de
Andrea,Knight,aknight7q@yolasite.com
Donna,Ortiz,dortiz81@timesonline.co.uk
Diana,Holmes,dholmes86@dot.gov
Paula,White,waldo@weber.edu
Susan,Wagner,swagner8f@furl.net
Nicole,Turner,nturner8i@wunderground.com
Janice,Carroll,jcarroll8p@weather.com
Ruth,Cook,rcook8w@ihg.com
Kimberly,Black,kblack8y@fda.gov
Linda,Johnson,ljohnson95@chicagotribune.com
Bonnie,Anderson,banderson9i@house.gov
Kelly,Elliott,kelliott9p@adobe.com
Ruby,Payne,waldo@weber.edu
Debra,Simpson,dsimpsona7@engadget.com
Rebecca,Hunt,rhunta9@godaddy.com
Donna,Hughes,dhughesad@howstuffworks.com
Amy,Bishop,abishopap@indiegogo.com
Janice,Phillips,jphillipsar@ihg.com
Donna,Larson,dlarsonb0@princeton.edu
Margaret,Graham,mgrahamb2@friendfeed.com
Sarah,Robinson,srobinsonb9@purevolume.com
Pamela,Cunningham,pcunninghambh@yellowbook.com
Marie,Parker,mparkerbl@wufoo.com
Jessica,Armstrong,waldo@weber.edu
Melissa,Grant,mgrantbs@about.com
Jennifer,Vasquez,jvasquezbt@prweb.com
Ann,Perkins,aperkinsbu@msu.edu
Rose,Mendoza,rmendozac7@tripod.com
Virginia,Cooper,vcooperc9@amazon.de
Pamela,Kelley,pkelleycg@wunderground.com
Kimberly,Knight,kknightd0@wikia.com
Deborah,Nelson,dnelsond2@constantcontact.com
Nicole,Mccoy,waldo@weber.edu
Doris,Bowman,dbowmandg@moonfruit.com
Gloria,Mills,gmillsdh@time.com
Barbara,Turner,bturnerdm@time.com
Robin,Garza,rgarzadq@cisco.com
Mildred,Carpenter,mcarpentere3@chron.com
Martha,Willis,mwillisef@forbes.com
Judith,Bradley,jbradleyeq@symantec.com
Jacqueline,Duncan,jduncanf6@addtoany.com
Brenda,Cruz,bcruzfe@unesco.org
Carol,Williams,cwilliamsfp@pcworld.com
Katherine,Green,kgreenfs@marriott.com
Emily,Riley,erileyg9@wikispaces.com
Annie,Walker,awalkergm@wikipedia.org
Margaret,Andrews,mandrewsgp@weather.com
Angela,Peterson,apetersongr@vimeo.com
Melissa,Ward,mwardgs@springer.com
Cheryl,Nguyen,cnguyengz@msu.edu
Joyce,Chapman,jchapmanhh@upenn.edu
Sara,Nguyen,snguyenhi@amazonaws.com
Theresa,Elliott,telliotthj@diigo.com
Janice,Andrews,jandrewsho@phpbb.com
Sarah,Bishop,sbishophr@bandcamp.com
Nancy,Morgan,nmorganhv@instagram.com
Kathleen,Simmons,ksimmonshw@economist.com
Tammy,Rodriguez,trodriguezhy@qq.com
Pamela,Williams,pwilliamsi0@dmoz.org
Ashley,Oliver,aoliveri7@hc360.com
Angela,Stanley,astanleyiq@github.io
Julie,Hawkins,jhawkinsj2@ucla.edu
Katherine,Bailey,kbaileyjg@canalblog.com
Michelle,Harris,mharrisjn@oracle.com
Stephanie,Bailey,sbaileyjp@storify.com
Judy,Howell,jhowelljs@amazon.de
Gloria,Flores,gfloresjw@tumblr.com
Sharon,Armstrong,sarmstrongk4@webnode.com
Jessica,Reyes,jreyeskd@china.com.cn
Louise,Hicks,lhickskg@webeden.co.uk
Annie,Nguyen,anguyenkh@mysql.com
Sarah,Cooper,scooperki@theglobeandmail.com
Doris,Peters,dpeterskk@mediafire.com
Diane,Evans,devanskn@whitehouse.gov
Kelly,Arnold,karnoldkt@icio.us
Paula,Bradley,pbradleykx@geocities.com
Lois,Patterson,lpattersonl9@sciencedirect.com
Angela,Anderson,aandersonlk@newsvine.com
Judith,Andrews,jandrewslm@ustream.tv
Christina,Morrison,cmorrisonlo@last.fm
Pamela,Richardson,prichardsonlz@huffingtonpost.com
Susan,Fowler,sfowlerm0@thetimes.co.uk
Lois,Weaver,lweavermb@home.pl
Judy,Reed,jreedmg@uiuc.edu
Paula,Stewart,pstewartms@scribd.com
Mildred,Cooper,mcoopernf@hexun.com
Ann,Grant,agrantny@mail.ru
Betty,Porter,bportero2@psu.edu
Irene,Adams,iadamsp2@e-recht24.de
Debra,King,dkingp6@usatoday.com
Lori,Baker,lbakerp8@mediafire.com
Tammy,Spencer,tspencerpc@independent.co.uk
Sandra,Jordan,sjordanpq@yahoo.co.jp
Lois,Rice,lricept@qq.com
Andrea,Warren,awarrenpy@yelp.com
Katherine,Bowman,kbowmanq7@loc.gov
Martha,Brown,mbrownqo@irs.gov
Sandra,Campbell,scampbellqr@networkadvertising.org
Lisa,Sanchez,lsanchezqu@forbes.com
Margaret,Mitchell,mmitchell5@hatena.ne.jp
Judy,Sims,jsims9@oaic.gov.au
Susan,Porter,sporterd@drupal.org
Sandra,Lynch,slynch10@blogger.com
Wanda,Lawson,wlawson11@e-recht24.de
Karen,Watkins,kwatkins19@weather.com
Heather,Hayes,hhayes1d@whitehouse.gov
Janice,Fowler,jfowler1m@ucoz.com
Evelyn,Mccoy,emccoy1y@japanpost.jp
Martha,Martinez,mmartinez20@constantcontact.com
Anna,Kim,akim27@tuttocitta.it
Virginia,Lawrence,vlawrence29@vinaora.com
Tina,Williamson,twilliamson2f@ifeng.com
Rose,Morris,rmorris2j@comsenz.com
Angela,Elliott,aelliott2m@businessinsider.com
Heather,Barnes,hbarnes2u@biblegateway.com
Louise,Meyer,lmeyer2w@livejournal.com
Shirley,West,swest30@feedburner.com
Julie,Brown,jbrown34@apple.com
Julia,Fuller,jfuller35@w3.org
Janet,Ross,jross38@facebook.com
Kelly,Cruz,kcruz3i@baidu.com
Robin,Garza,rgarza3o@geocities.com
Susan,Flores,sflores3q@apple.com
Patricia,Bryant,pbryant3x@google.pl
Christine,Foster,cfoster3z@posterous.com
Elizabeth,Greene,egreene43@ow.ly
Deborah,Andrews,dandrews44@apache.org
Lori,Fisher,lfisher4b@blog.com
Joan,Richardson,jrichardson4f@economist.com
Melissa,Ford,mford4g@ft.com
Sara,Price,sprice4o@infoseek.co.jp
Katherine,Bryant,kbryant4v@boston.com
Andrea,Washington,awashington4y@msu.edu
Jean,Fowler,jfowler58@theatlantic.com
Jessica,Fox,jfox59@topsy.com
Joyce,Thomas,jthomas5c@weibo.com
Linda,Hayes,waldo@weber.edu
Angela,Tucker,atucker6s@kickstarter.com
Carolyn,Gilbert,cgilbert74@un.org
Kelly,Matthews,kmatthews79@ehow.com
Frances,Stone,fstone7c@discuz.net
Emily,Ryan,eryan7f@wunderground.com
Kelly,Porter,kporter7k@squidoo.com
Diane,Matthews,dmatthews7y@amazonaws.com
Frances,Simmons,fsimmons81@symantec.com
Anne,Smith,asmith82@meetup.com
Rachel,Brown,rbrown87@usa.gov
Amy,Howell,ahowell8z@wsj.com
Teresa,Meyer,tmeyer98@nba.com
Linda,Bennett,lbennett9g@ameblo.jp
Bonnie,Watson,bwatson9p@kickstarter.com
Kathleen,Carter,kcarter9y@4shared.com
Deborah,Franklin,dfranklina8@vinaora.com
Elizabeth,Robinson,erobinsonab@ed.gov
Amy,Rodriguez,arodriguezac@blog.com
Andrea,Jordan,ajordanag@ox.ac.uk
Pamela,Roberts,probertsam@newsvine.com
Julia,Rose,jroseao@admin.ch
Christine,Ellis,waldo@weber.edu
Ruth,Peters,rpetersax@pbs.org
Ruth,Lee,rleeaz@soundcloud.com
Ashley,Porter,aporterbc@sphinn.com
Amanda,Nelson,anelsonbj@theatlantic.com
Tina,George,tgeorgebp@slideshare.net
Gloria,Hudson,ghudsonc9@technorati.com
Susan,Wood,swoodck@g.co
Theresa,Mills,tmillscp@elpais.com
Paula,Grant,pgrantcs@oakley.com
Annie,Thompson,waldo@weber.edu
Tammy,Jackson,tjacksondr@delicious.com
Robin,Hudson,rhudsone0@istockphoto.com
Frances,Turner,fturnere6@ted.com
Brenda,Watson,bwatsone9@google.co.uk
Joan,Green,jgreenek@sciencedirect.com
Andrea,Torres,atorresf0@1und1.de
Alice,Thomas,athomasfq@sohu.com
Marie,Reid,mreidfs@feedburner.com
Sharon,Rose,srosefz@disqus.com
Kathryn,Patterson,kpattersong7@webnode.com
Judith,Turner,jturnergl@opera.com
Nancy,Baker,nbakergo@noaa.gov
Mildred,Day,mdayh5@gmpg.org
Janet,Miller,jmillerh9@ca.gov
Maria,Powell,mpowellha@mac.com
Sharon,Murphy,smurphyhd@simplemachines.org
Deborah,Fernandez,dfernandezhw@tumblr.com
Alice,Black,ablacki2@weather.com
Sandra,Cole,scoleia@opensource.org
Brenda,Crawford,bcrawfordij@ibm.com
Sara,Palmer,spalmerj1@mtv.com
Christine,Ruiz,cruizjf@yellowpages.com
Lisa,Tucker,ltuckerjv@state.tx.us
Judith,Freeman,jfreemank1@digg.com
Annie,Boyd,aboydk9@networkadvertising.org
Sarah,Morgan,smorganks@hao123.com
Helen,Stanley,hstanleyku@webeden.co.uk
Evelyn,Richards,erichardskw@newsvine.com
Evelyn,Bryant,ebryantl0@tinyurl.com
Margaret,Henry,mhenryl1@merriam-webster.com
Teresa,Campbell,waldo@weber.edu
Katherine,Rogers,krogersl5@bandcamp.com
Tammy,Roberts,trobertsls@usda.gov
Tammy,Jordan,tjordanma@php.net
Lois,Mills,waldo@weber.edu
Norma,Bailey,nbaileyn3@tinypic.com
Ruby,Ellis,rellisn8@histats.com
Donna,Taylor,dtaylornb@vinaora.com
Paula,Stone,pstonend@tinyurl.com
Irene,Ramos,iramosng@usgs.gov
Barbara,Nichols,waldo@weber.edu
Kimberly,Watkins,kwatkinsno@marketwatch.com
Sarah,Kennedy,skennedyo6@ycombinator.com
Rose,Morales,rmoralesol@twitpic.com
Paula,Gutierrez,pgutierrezor@illinois.edu
Shirley,Parker,sparkerox@taobao.com
Carol,Gilbert,cgilbertoz@huffingtonpost.com
Mildred,Miller,mmillerp4@dailymail.co.uk
Karen,Johnson,kjohnsonp9@surveymonkey.com
Emily,Perry,eperrypn@utexas.edu
Ruby,Reyes,rreyesps@boston.com
Cheryl,Ellis,cellispt@yandex.ru
Jean,Stone,jstonepx@epa.gov
Kathy,Davis,kdavisq4@imgur.com
Patricia,Gonzalez,pgonzalezqc@psu.edu
Amy,Parker,aparkerqh@europa.eu
Bonnie,Cole,bcoleqj@wisc.edu
Kathy,Garza,kgarzar0@prweb.com
Beverly,Burns,bburnsr9@theglobeandmail.com
Kelly,Watkins,kwatkinsrg@nih.gov
Linda,Parker,lparkerri@360.cn
Angela,Cunningham,acunninghamrp@t-online.de
Kelly,Grant,kgrantrq@yolasite.com
Angela,Mason,amason5@mozilla.com
Kathy,Sims,ksims8@com.com
Martha,Johnson,mjohnson9@miitbeian.gov.cn
Louise,Gilbert,waldo@weber.edu
Diana,Turner,dturner11@chronoengine.com
Kathy,Banks,kbanks12@princeton.edu
Andrea,Arnold,aarnold21@illinois.edu
Anna,Jacobs,ajacobs2e@pbs.org
Martha,Webb,mwebb2u@free.fr
Doris,Davis,ddavis2z@dailymotion.com
Patricia,Shaw,pshaw32@weather.com
Katherine,Rogers,krogers38@weebly.com
Doris,Meyer,dmeyer3f@flavors.me
Jacqueline,Berry,jberry40@reference.com
Carol,Simmons,csimmons47@barnesandnoble.com
Emily,Reyes,ereyes4f@imageshack.us
Andrea,Lawrence,alawrence4j@furl.net
Beverly,Roberts,broberts4k@weibo.com
Annie,Daniels,adaniels4p@slideshare.net
Susan,Flores,sflores5c@ucla.edu
Amanda,Foster,afoster5e@mediafire.com
Jessica,Evans,jevans5l@imgur.com
Jennifer,Rivera,jrivera5o@sogou.com
Patricia,Hunt,phunt5p@hhs.gov
Kathy,Murray,kmurray5s@ycombinator.com
Tammy,Dixon,tdixon5t@yandex.ru
Heather,Bryant,hbryant5u@unblog.fr
Pamela,Wagner,pwagner5w@de.vu
Kelly,Wood,kwood5y@washingtonpost.com
Lois,Reyes,lreyes64@simplemachines.org
Patricia,Ramos,pramos65@nsw.gov.au
Stephanie,Mccoy,smccoy6p@indiegogo.com
Maria,Allen,mallen6v@canalblog.com
Lillian,Washington,lwashington7x@intel.com
Alice,Lane,alane8m@so-net.ne.jp
Susan,Willis,swillis91@diigo.com
Martha,Richards,mrichards92@indiatimes.com
Brenda,Day,bday94@webnode.com
Lori,Banks,waldo@weber.edu
Irene,White,iwhite9a@europa.eu
Sara,Gonzalez,sgonzalez9f@marriott.com
Judy,Foster,jfoster9r@whitehouse.gov
Jean,Wallace,jwallace9t@deliciousdays.com
Karen,Parker,kparker9w@sbwire.com
Sharon,Ruiz,waldo@weber.edu
Kimberly,Banks,kbanksa3@behance.net
Angela,Mitchell,amitchellad@aol.com
Ann,Reid,waldo@weber.edu
Pamela,Nichols,pnicholsb4@springer.com
Annie,Frazier,afrazierba@merriam-webster.com
Janet,Romero,jromerobf@ebay.co.uk
Jennifer,Gonzales,jgonzalesbu@about.com
Julie,Gilbert,jgilbertbv@flickr.com
Michelle,Ferguson,mfergusonc1@sourceforge.net
Emily,Wells,ewellsc2@mlb.com
Melissa,Little,mlittlec8@com.com
Judy,Long,jlongc9@jalbum.net
Heather,Matthews,hmatthewsca@vkontakte.ru
Phyllis,Howell,phowellce@spotify.com
Tammy,Flores,tfloresci@artisteer.com
Elizabeth,Greene,waldo@weber.edu
Paula,Armstrong,parmstrongcs@mac.com
Mildred,Gardner,mgardnerct@google.fr
Rose,Butler,rbutlercx@multiply.com
Stephanie,Johnston,sjohnstond5@yolasite.com
Cheryl,Snyder,csnyderdc@ning.com
Cheryl,Riley,crileydd@globo.com
Mary,Garrett,waldo@weber.edu
Janet,Garza,jgarzads@google.pl
Rachel,Kennedy,rkennedye0@telegraph.co.uk
Kathy,Brooks,kbrookse4@mac.com
Irene,Stevens,istevense5@issuu.com
Sharon,Moreno,smorenoeb@livejournal.com
Lisa,Campbell,lcampbellec@ucla.edu
Debra,Day,ddayek@trellian.com
Kathryn,Welch,kwelchel@rediff.com
Christina,Cooper,ccoopereo@cbslocal.com
Marilyn,Fowler,mfowlerep@about.com
Wanda,White,wwhiteet@hostgator.com
Anna,Hudson,ahudsonf0@unc.edu
Lillian,Burton,lburtonf9@networksolutions.com
Carolyn,Dean,cdeang2@usgs.gov
Norma,Howard,waldo@weber.edu
Deborah,Larson,dlarsongf@comsenz.com
Catherine,Roberts,waldo@weber.edu
Nicole,Howard,nhowardgp@multiply.com
Michelle,Diaz,mdiazgq@latimes.com
Lisa,Green,lgreenhw@biglobe.ne.jp
Rebecca,Johnston,rjohnstonhx@dell.com
Sharon,Hart,sharti7@senate.gov
Jacqueline,Reed,jreedi8@microsoft.com
Robin,Sanchez,rsanchezia@latimes.com
Louise,Russell,lrussellie@sphinn.com
Jennifer,Elliott,jelliottiw@twitter.com
Katherine,Ryan,kryaniz@si.edu
Amanda,Johnston,ajohnstonj0@amazon.de
Lois,Thomas,lthomasj7@craigslist.org
Catherine,Jones,cjonesje@blinklist.com
Martha,Alexander,malexanderjk@people.com.cn
Robin,Kennedy,rkennedyjn@booking.com
Tammy,Garrett,tgarrettkl@usa.gov
Susan,Nichols,snicholsl4@xing.com
Beverly,Garza,bgarzal7@cbc.ca
Cynthia,Griffin,cgriffinla@samsung.com
Lois,Castillo,lcastillolb@livejournal.com
Nancy,Perez,nperezlf@chicagotribune.com
Patricia,Burton,pburtonlh@cargocollective.com
Sandra,Webb,swebbli@constantcontact.com
Maria,Flores,mfloreslk@indiegogo.com
Michelle,Gordon,mgordonm7@cbslocal.com
Kathy,Mcdonald,kmcdonaldm9@biblegateway.com
Annie,Lee,aleemd@hc360.com
Maria,Carr,mcarrme@illinois.edu
Katherine,Crawford,kcrawfordmg@linkedin.com
Denise,Foster,dfostermh@paypal.com
Mildred,Williamson,mwilliamsonmi@nytimes.com
Nancy,Howard,nhowardmk@typepad.com
Martha,Dunn,waldo@weber.edu
Ann,Kelley,akelleynj@sbwire.com
Julia,Clark,jclarknk@behance.net
Kathleen,Parker,kparkernm@squarespace.com
Julia,Moore,jmoorenr@cnet.com
Lori,Sullivan,lsullivannt@shinystat.com
Sandra,Mills,waldo@weber.edu
Gloria,Burns,gburnso2@trellian.com
Kathy,Rose,kroseo7@senate.gov
Joan,Murphy,jmurphyoc@sitemeter.com
Anne,Dixon,adixonok@ft.com
Marie,Wood,mwoodop@who.int
Julia,Carroll,jcarrollot@buzzfeed.com
Tammy,Gonzalez,tgonzalezp2@sogou.com
Tammy,Russell,trussellp4@tuttocitta.it
Paula,Oliver,poliverp9@marriott.com
Kimberly,Johnston,kjohnstonpb@ask.com
Ruth,Knight,rknightpk@chicagotribune.com
Kathleen,Fisher,kfisherpn@studiopress.com
Emily,Tucker,waldo@weber.edu
Deborah,Garcia,dgarciapw@infoseek.co.jp
Sara,Franklin,sfranklinpy@forbes.com
Elizabeth,Adams,waldo@weber.edu
Jennifer,Larson,jlarsonqx@nbcnews.com
Martha,Elliott,melliottr0@nytimes.com
Betty,Mills,bmillsrg@w3.org
Julia,Andrews,jandrewsrl@nationalgeographic.com
Jacqueline,Miller,jmillerro@wikipedia.org
Denise,Reed,dreedp@columbia.edu
Beverly,Torres,btorres16@hud.gov
Ruth,Day,rday1b@deviantart.com
Kimberly,Phillips,waldo@weber.edu
Dorothy,Wright,dwright1k@bravesites.com
Judith,Tucker,jtucker1p@last.fm
Linda,Gardner,lgardner1y@loc.gov
Deborah,Brooks,dbrooks28@bloglovin.com
Anna,Kelly,akelly2k@archive.org
Norma,Collins,ncollins2m@free.fr
Doris,Knight,dknight2p@blogspot.com
Helen,Smith,hsmith36@oracle.com
Diana,Morales,dmorales37@zimbio.com
Cynthia,Hunter,chunter3i@tmall.com
Ruby,Walker,rwalker3w@slate.com
Catherine,Gonzalez,cgonzalez40@dion.ne.jp
Beverly,Weaver,bweaver4a@123-reg.co.uk
Jessica,Burke,jburke4c@hexun.com
Carolyn,Medina,cmedina4j@timesonline.co.uk
Sarah,Hughes,shughes4q@ucla.edu
Betty,Cox,bcox52@google.co.jp
Pamela,Shaw,waldo@weber.edu
Doris,Fisher,dfisher5p@bbb.org
Sarah,George,sgeorge5t@unblog.fr
Paula,Carroll,pcarroll5w@arizona.edu
Judy,Spencer,jspencer6n@last.fm
Anne,White,awhite78@ucla.edu
Doris,Warren,dwarren7b@washington.edu
Ruby,Evans,revans86@constantcontact.com
Elizabeth,Howell,ehowell8b@latimes.com
Susan,Bailey,sbailey8h@t.co
Deborah,Howell,dhowell8l@bluehost.com
Pamela,Perry,pperry8r@weibo.com
Michelle,Murray,mmurray8s@upenn.edu
Mildred,Henry,mhenry8w@mayoclinic.com
Rachel,Gonzalez,rgonzalez8y@vkontakte.ru
Wanda,Chapman,wchapman8z@huffingtonpost.com
Ann,Lee,alee96@issuu.com
Emily,Day,eday9d@senate.gov
Nancy,Green,ngreen9u@redcross.org
Theresa,Andrews,waldo@weber.edu
Kelly,Daniels,kdanielsas@fda.gov
Martha,Hall,mhallav@theguardian.com
Patricia,Garza,pgarzaaz@google.nl
Norma,Clark,nclarkbb@phoca.cz
Robin,Martin,rmartinbj@mediafire.com
Lori,Howell,lhowellbk@alibaba.com
Barbara,Fuller,bfullerbr@marriott.com
Ruth,Medina,rmedinabz@eepurl.com
Mildred,Olson,molsonc3@paypal.com
Jennifer,Garza,jgarzacf@sciencedirect.com
Virginia,Webb,vwebbcr@examiner.com
Louise,Perry,lperrycs@themeforest.net
Ruby,Hudson,rhudsoncv@aol.com
Lori,Gordon,lgordoncz@home.pl
Linda,Carpenter,lcarpenterd1@baidu.com
Beverly,Watkins,bwatkinsdi@about.com
Sandra,Arnold,sarnolddm@hud.gov
Amanda,Russell,arusselldn@cafepress.com
Carol,Rose,crosedo@examiner.com
Debra,Alvarez,waldo@weber.edu
Norma,Harrison,nharrisondz@ovh.net
Jennifer,Perry,jperryef@columbia.edu
Joyce,Reyes,jreyeseg@bing.com
Annie,Fuller,afullereq@topsy.com
Debra,Harvey,dharveyex@sciencedaily.com
Mildred,Thompson,mthompsonfh@123-reg.co.uk
Deborah,Fields,waldo@weber.edu
Catherine,James,cjamesfq@plala.or.jp
Debra,Rogers,drogersg8@vistaprint.com
Ruby,Bowman,rbowmangd@alexa.com
Robin,Garza,rgarzagl@delicious.com
Rose,Berry,waldo@weber.edu
Joyce,Miller,jmillerhb@cafepress.com
Linda,Little,waldo@weber.edu
Rebecca,Arnold,rarnoldia@java.com
Deborah,Willis,dwillisif@answers.com
Jacqueline,Miller,jmillerj0@guardian.co.uk
Michelle,Montgomery,mmontgomeryjn@webnode.com
Jennifer,Freeman,jfreemankq@whitehouse.gov
Karen,Robinson,krobinsonla@princeton.edu
Carol,Oliver,coliverlr@tiny.cc
Rachel,Mccoy,rmccoym0@fc2.com
Amy,Ferguson,afergusonmc@1688.com
Katherine,Ruiz,kruizmy@blogspot.com
Janice,Bell,jbelln1@google.com.au
Emily,Chapman,echapmann7@sfgate.com
Cynthia,Bailey,cbaileyno@bloglines.com
Christine,Rivera,criveranr@last.fm
Kathy,Hicks,khicksnt@live.com
Maria,Fox,mfoxnw@ebay.com
Sandra,Armstrong,sarmstrongoa@rakuten.co.jp
Pamela,Hunter,phunteron@cloudflare.com
Frances,Myers,fmyersoq@apache.org
Karen,Miller,kmillerpe@yolasite.com
Anna,Bishop,abishoppk@narod.ru
Nancy,Gilbert,ngilbertq4@auda.org.au
Martha,Graham,mgrahamq8@myspace.com
Rebecca,Rivera,rriveraqw@technorati.com
Donna,Martin,dmartinqx@adobe.com
Christine,Kennedy,ckennedyr0@psu.edu
Diane,Hall,dhallr7@microsoft.com
Theresa,Larson,tlarsonrd@yellowpages.com
Katherine,Hamilton,khamiltonri@gravatar.com
Janice,Wilson,jwilsonro@usnews.com
